,contractSymbol,strike,bid,ask,volume,openInterest,impliedVolatility,inTheMoney,expirationDate,CALL,mark
0,AAL210521C00003000,3.0,19.35,19.5,1.0,73.0,6.87500140625,1.0,2021-05-21,True,19.425
1,AAL210521C00005000,5.0,17.35,17.65,20.0,107.0,6.312502109375,1.0,2021-05-21,True,17.5
2,AAL210521C00006000,6.0,15.7,16.1,6.0,53.0,1.0000000000000003e-05,1.0,2021-05-21,True,15.9
3,AAL210521C00007000,7.0,15.35,15.5,3.0,82.0,3.9843750390625,1.0,2021-05-21,True,15.425
4,AAL210521C00008000,8.0,14.35,14.5,1.0,340.0,3.56250109375,1.0,2021-05-21,True,14.425
5,AAL210521C00009000,9.0,13.35,13.5,1.0,807.0,3.1875020312499998,1.0,2021-05-21,True,13.425
6,AAL210521C00010000,10.0,12.35,12.5,16.0,3038.0,2.843752890625,1.0,2021-05-21,True,12.425
7,AAL210521C00011000,11.0,11.25,11.5,1.0,381.0,3.156252109375,1.0,2021-05-21,True,11.375
8,AAL210521C00012000,12.0,10.35,10.5,6.0,5625.0,2.2500043749999996,1.0,2021-05-21,True,10.425
9,AAL210521C00013000,13.0,9.0,9.5,18.0,4348.0,2.50000375,1.0,2021-05-21,True,9.25
10,AAL210521C00014000,14.0,8.2,8.5,4.0,2725.0,2.2031294921874993,1.0,2021-05-21,True,8.35
11,AAL210521C00015000,15.0,7.35,7.5,109.0,22526.0,1.5156274218749999,1.0,2021-05-21,True,7.425
12,AAL210521C00016000,16.0,6.35,6.45,82.0,4743.0,0.500005,1.0,2021-05-21,True,6.4
13,AAL210521C00016500,16.5,5.85,5.95,2.0,3.0,0.500005,1.0,2021-05-21,True,5.9
14,AAL210521C00017000,17.0,5.35,5.5,186.0,8669.0,1.09375453125,1.0,2021-05-21,True,5.425
15,AAL210521C00017500,17.5,4.85,5.0,3.0,15.0,0.992187578125,1.0,2021-05-21,True,4.925
16,AAL210521C00018000,18.0,4.35,4.45,86.0,7737.0,0.500005,1.0,2021-05-21,True,4.4
17,AAL210521C00018500,18.5,3.9,4.0,11.0,91.0,0.9062509375,1.0,2021-05-21,True,3.95
18,AAL210521C00019000,19.0,3.4,3.5,31.0,1897.0,0.804689453125,1.0,2021-05-21,True,3.45
19,AAL210521C00019500,19.5,2.8,3.05,55.0,876.0,0.6093789062500001,1.0,2021-05-21,True,2.925
20,AAL210521C00020000,20.0,2.33,2.48,706.0,17441.0,0.6718782812500002,1.0,2021-05-21,True,2.4050000000000002
21,AAL210521C00020500,20.5,1.82,1.99,587.0,2296.0,0.57812921875,1.0,2021-05-21,True,1.905
22,AAL210521C00021000,21.0,1.43,1.54,1153.0,13140.0,0.5371140039062501,1.0,2021-05-21,True,1.4849999999999999
23,AAL210521C00021500,21.5,1.1,1.14,4984.0,6667.0,0.5195360546875,1.0,2021-05-21,True,1.12
24,AAL210521C00022000,22.0,0.75,0.78,8231.0,10715.0,0.49023947265625006,1.0,2021-05-21,True,0.765
25,AAL210521C00022500,22.5,0.48,0.5,7228.0,12374.0,0.47852083984375,0.0,2021-05-21,True,0.49
26,AAL210521C00023000,23.0,0.29,0.3,13759.0,18067.0,0.4726615234375,0.0,2021-05-21,True,0.295
27,AAL210521C00023500,23.5,0.16,0.17,2193.0,3059.0,0.4726615234375,0.0,2021-05-21,True,0.165
28,AAL210521C00024000,24.0,0.09,0.1,4284.0,29069.0,0.48828636718750007,0.0,2021-05-21,True,0.095
29,AAL210521C00024500,24.5,0.05,0.06,325.0,948.0,0.500005,0.0,2021-05-21,True,0.055
30,AAL210521C00025000,25.0,0.03,0.04,766.0,34591.0,0.5273484765625001,0.0,2021-05-21,True,0.035
31,AAL210521C00025500,25.5,0.02,0.03,156.0,13283.0,0.5625043750000001,0.0,2021-05-21,True,0.025
32,AAL210521C00026000,26.0,0.01,0.02,363.0,5478.0,0.57812921875,0.0,2021-05-21,True,0.015
33,AAL210521C00026500,26.5,0.0,0.02,23.0,1276.0,0.6093789062500001,0.0,2021-05-21,True,0.01
34,AAL210521C00027000,27.0,0.0,0.02,31.0,2000.0,0.6562534375000001,0.0,2021-05-21,True,0.01
35,AAL210521C00027500,27.5,0.0,0.02,349.0,880.0,0.7187528125,0.0,2021-05-21,True,0.01
36,AAL210521C00028000,28.0,0.0,0.01,1.0,3460.0,0.6875031250000001,0.0,2021-05-21,True,0.005
37,AAL210521C00029000,29.0,0.0,0.01,1.0,2258.0,0.8125018749999999,0.0,2021-05-21,True,0.005
38,AAL210521C00030000,30.0,0.0,0.01,192.0,11672.0,0.87500125,0.0,2021-05-21,True,0.005
39,AAL210521C00031000,31.0,0.0,0.03,1.0,2131.0,1.125004375,0.0,2021-05-21,True,0.015
40,AAL210521C00032000,32.0,0.0,0.03,1.0,556.0,1.203128984375,0.0,2021-05-21,True,0.015
41,AAL210521C00033000,33.0,0.0,0.01,8.0,609.0,1.125004375,0.0,2021-05-21,True,0.005
42,AAL210521C00034000,34.0,0.0,0.03,1.0,316.0,1.3750031249999999,0.0,2021-05-21,True,0.015
43,AAL210521C00035000,35.0,0.0,0.01,10.0,6692.0,1.3125034374999998,0.0,2021-05-21,True,0.005
44,AAL210521C00036000,36.0,0.0,0.04,4.0,1229.0,1.5937520312499998,0.0,2021-05-21,True,0.02
45,AAL210521C00037000,37.0,0.0,0.01,3.0,1116.0,1.4375028125,0.0,2021-05-21,True,0.005
46,AAL210521C00038000,38.0,0.0,0.01,3.0,856.0,1.5000025,0.0,2021-05-21,True,0.005
47,AAL210521C00039000,39.0,0.0,0.01,1.0,609.0,1.5625021874999998,0.0,2021-05-21,True,0.005
48,AAL210521C00040000,40.0,0.0,0.01,1.0,2828.0,1.625001875,0.0,2021-05-21,True,0.005
49,AAL210521P00003000,3.0,0.0,0.01,12.0,1910.0,5.7500028125,0.0,2021-05-21,False,0.005
50,AAL210521P00005000,5.0,0.0,0.01,191.0,3051.0,4.2500046875,0.0,2021-05-21,False,0.005
51,AAL210521P00006000,6.0,0.0,0.04,1.0,3486.0,4.375004531249999,0.0,2021-05-21,False,0.02
52,AAL210521P00007000,7.0,0.0,0.01,100.0,3890.0,3.2500018749999997,0.0,2021-05-21,False,0.005
53,AAL210521P00008000,8.0,0.0,0.04,10.0,4080.0,3.43750140625,0.0,2021-05-21,False,0.02
54,AAL210521P00009000,9.0,0.0,0.03,2.0,5946.0,3.0000025,0.0,2021-05-21,False,0.015
55,AAL210521P00010000,10.0,0.0,0.04,55.0,7315.0,2.750003125,0.0,2021-05-21,False,0.02
56,AAL210521P00011000,11.0,0.0,0.01,2.0,7130.0,2.0625048437499998,0.0,2021-05-21,False,0.005
57,AAL210521P00012000,12.0,0.0,0.01,1.0,7721.0,1.875000625,0.0,2021-05-21,False,0.005
58,AAL210521P00013000,13.0,0.0,0.01,3.0,16906.0,1.625001875,0.0,2021-05-21,False,0.005
59,AAL210521P00014000,14.0,0.0,0.03,359.0,3739.0,1.625001875,0.0,2021-05-21,False,0.015
60,AAL210521P00015000,15.0,0.0,0.01,15.0,35806.0,1.2500037499999999,0.0,2021-05-21,False,0.005
61,AAL210521P00016000,16.0,0.0,0.02,234.0,7238.0,1.125004375,0.0,2021-05-21,False,0.01
62,AAL210521P00016500,16.5,0.0,0.02,141.0,183.0,1.0468797656250002,0.0,2021-05-21,False,0.01
63,AAL210521P00017000,17.0,0.0,0.02,35.0,8640.0,0.9531254687499999,0.0,2021-05-21,False,0.01
64,AAL210521P00017500,17.5,0.0,0.02,13.0,425.0,0.87500125,0.0,2021-05-21,False,0.01
65,AAL210521P00018000,18.0,0.01,0.02,399.0,22204.0,0.8281267187499999,0.0,2021-05-21,False,0.015
66,AAL210521P00018500,18.5,0.02,0.03,100.0,492.0,0.79687703125,0.0,2021-05-21,False,0.025
67,AAL210521P00019000,19.0,0.02,0.04,345.0,38611.0,0.726565234375,0.0,2021-05-21,False,0.03
68,AAL210521P00019500,19.5,0.03,0.05,105.0,7976.0,0.6718782812500002,0.0,2021-05-21,False,0.04
69,AAL210521P00020000,20.0,0.05,0.06,1681.0,25251.0,0.6093789062500001,0.0,2021-05-21,False,0.055
70,AAL210521P00020500,20.5,0.08,0.09,2182.0,6166.0,0.570316796875,0.0,2021-05-21,False,0.08499999999999999
71,AAL210521P00021000,21.0,0.13,0.14,11184.0,14552.0,0.5312546875,0.0,2021-05-21,False,0.135
72,AAL210521P00021500,21.5,0.21,0.22,2949.0,3581.0,0.49805189453125004,0.0,2021-05-21,False,0.215
73,AAL210521P00022000,22.0,0.36,0.38,2789.0,7686.0,0.49023947265625006,0.0,2021-05-21,False,0.37
74,AAL210521P00022500,22.5,0.58,0.6,855.0,672.0,0.47852083984375,1.0,2021-05-21,False,0.59
75,AAL210521P00023000,23.0,0.88,0.91,383.0,6106.0,0.48242705078125003,1.0,2021-05-21,False,0.895
76,AAL210521P00023500,23.5,1.26,1.32,176.0,268.0,0.5293015820312501,1.0,2021-05-21,False,1.29
77,AAL210521P00024000,24.0,1.62,1.85,331.0,4104.0,0.5410202148437502,1.0,2021-05-21,False,1.735
78,AAL210521P00024500,24.5,2.08,2.32,36.0,130.0,0.585941640625,1.0,2021-05-21,False,2.2
79,AAL210521P00025000,25.0,2.57,2.8,62.0,4083.0,0.648441015625,1.0,2021-05-21,False,2.6849999999999996
80,AAL210521P00025500,25.5,3.05,3.15,5.0,154.0,0.648441015625,1.0,2021-05-21,False,3.0999999999999996
81,AAL210521P00026000,26.0,3.55,3.65,4.0,1028.0,0.7187528125,1.0,2021-05-21,False,3.5999999999999996
82,AAL210521P00026500,26.5,4.05,4.15,,9.0,0.789064609375,1.0,2021-05-21,False,4.1
83,AAL210521P00027000,27.0,4.55,4.65,2.0,432.0,0.500005,1.0,2021-05-21,False,4.6
84,AAL210521P00028000,28.0,5.55,5.65,1.0,243.0,0.500005,1.0,2021-05-21,False,5.6
85,AAL210521P00029000,29.0,6.55,6.65,3.0,123.0,0.500005,1.0,2021-05-21,False,6.6
86,AAL210521P00030000,30.0,7.5,7.7,8.0,551.0,0.500005,1.0,2021-05-21,False,7.6
87,AAL210521P00031000,31.0,9.8,10.3,5.0,22.0,3.3515641210937495,1.0,2021-05-21,False,10.05
88,AAL210521P00032000,32.0,9.55,9.65,1.0,8.0,0.500005,1.0,2021-05-21,False,9.600000000000001
89,AAL210521P00033000,33.0,10.5,10.7,1.0,5.0,0.500005,1.0,2021-05-21,False,10.6
90,AAL210521P00034000,34.0,0.0,0.0,4.0,152.0,1.0000000000000003e-05,1.0,2021-05-21,False,0.0
91,AAL210521P00035000,35.0,12.5,12.65,1.0,2.0,1.7265638671875,1.0,2021-05-21,False,12.575
92,AAL210521P00036000,36.0,13.35,13.65,1.0,4.0,1.8125009374999999,1.0,2021-05-21,False,13.5
93,AAL210521P00037000,37.0,16.3,16.4,2.0,46.0,4.5332074584960935,1.0,2021-05-21,False,16.35
94,AAL210521P00038000,38.0,16.15,16.3,3.0,67.0,3.3125017187499997,1.0,2021-05-21,False,16.225
95,AAL210521P00039000,39.0,16.6,16.75,5.0,24.0,2.1875045312499997,1.0,2021-05-21,False,16.675
96,AAL210521P00040000,40.0,17.65,18.4,5.0,76.0,3.189455151367187,1.0,2021-05-21,False,18.025
97,AAL210528C00014000,14.0,8.05,8.5,1.0,6.0,1.5000025,1.0,2021-05-28,True,8.275
98,AAL210528C00015000,15.0,7.15,7.5,3.0,15.0,1.3125034374999998,1.0,2021-05-28,True,7.325
99,AAL210528C00016000,16.0,6.35,6.5,18.0,15.0,0.8828136718749999,1.0,2021-05-28,True,6.425
100,AAL210528C00017000,17.0,5.4,5.5,1.0,5.0,0.8359391406249999,1.0,2021-05-28,True,5.45
101,AAL210528C00017500,17.5,4.9,5.0,3.0,37.0,0.7617211328125001,1.0,2021-05-28,True,4.95
102,AAL210528C00018000,18.0,4.4,4.5,13.0,24.0,0.6875031250000001,1.0,2021-05-28,True,4.45
103,AAL210528C00018500,18.5,3.8,4.05,28.0,8.0,0.5390671093750001,1.0,2021-05-28,True,3.925
104,AAL210528C00019000,19.0,3.45,3.55,12.0,40.0,0.64062859375,1.0,2021-05-28,True,3.5
105,AAL210528C00019500,19.5,2.93,3.1,1.0,35.0,0.585941640625,1.0,2021-05-28,True,3.015
106,AAL210528C00020000,20.0,2.44,2.59,63.0,533.0,0.5039112109375,1.0,2021-05-28,True,2.5149999999999997
107,AAL210528C00020500,20.5,1.95,2.16,109.0,426.0,0.5644574804687501,1.0,2021-05-28,True,2.055
108,AAL210528C00021000,21.0,1.67,1.72,308.0,681.0,0.51562984375,1.0,2021-05-28,True,1.6949999999999998
109,AAL210528C00021500,21.5,1.28,1.35,915.0,1141.0,0.49805189453125004,1.0,2021-05-28,True,1.315
110,AAL210528C00022000,22.0,0.95,1.05,678.0,3004.0,0.500005,1.0,2021-05-28,True,1.0
111,AAL210528C00022500,22.5,0.71,0.78,2757.0,1016.0,0.49023947265625006,0.0,2021-05-28,True,0.745
112,AAL210528C00023000,23.0,0.54,0.55,2109.0,2418.0,0.476567734375,0.0,2021-05-28,True,0.545
113,AAL210528C00023500,23.5,0.35,0.39,706.0,825.0,0.47852083984375,0.0,2021-05-28,True,0.37
114,AAL210528C00024000,24.0,0.25,0.27,996.0,1788.0,0.4804739453125,0.0,2021-05-28,True,0.26
115,AAL210528C00024500,24.5,0.17,0.19,208.0,559.0,0.48828636718750007,0.0,2021-05-28,True,0.18
116,AAL210528C00025000,25.0,0.12,0.13,7895.0,8036.0,0.49414568359375005,0.0,2021-05-28,True,0.125
117,AAL210528C00025500,25.5,0.09,0.11,45.0,117.0,0.51758294921875,0.0,2021-05-28,True,0.1
118,AAL210528C00026000,26.0,0.07,0.08,27.0,154.0,0.5351608984375,0.0,2021-05-28,True,0.07500000000000001
119,AAL210528C00026500,26.5,0.05,0.07,1.0,44.0,0.5585981640625001,0.0,2021-05-28,True,0.060000000000000005
120,AAL210528C00027000,27.0,0.04,0.06,33.0,86.0,0.5820354296875,0.0,2021-05-28,True,0.05
121,AAL210528C00027500,27.5,0.04,0.06,132.0,62.0,0.6289099609375001,0.0,2021-05-28,True,0.05
122,AAL210528C00028000,28.0,0.04,0.05,13.0,108.0,0.6562534375000001,0.0,2021-05-28,True,0.045
123,AAL210528C00028500,28.5,0.03,0.05,10.0,90.0,0.6875031250000001,0.0,2021-05-28,True,0.04
124,AAL210528C00029000,29.0,0.03,0.04,481.0,108.0,0.710940390625,0.0,2021-05-28,True,0.035
125,AAL210528C00029500,29.5,0.03,0.04,372.0,104.0,0.7500025,0.0,2021-05-28,True,0.035
126,AAL210528C00030000,30.0,0.02,0.04,28.0,403.0,0.7656273437500001,0.0,2021-05-28,True,0.03
127,AAL210528C00030500,30.5,0.02,0.04,74.0,362.0,0.804689453125,0.0,2021-05-28,True,0.03
128,AAL210528C00031000,31.0,0.0,0.08,53.0,218.0,0.87500125,0.0,2021-05-28,True,0.04
129,AAL210528C00035000,35.0,0.0,0.02,10.0,43.0,0.937500625,0.0,2021-05-28,True,0.01
130,AAL210528P00014000,14.0,0.0,0.03,,601.0,1.09375453125,0.0,2021-05-28,False,0.015
131,AAL210528P00015000,15.0,0.0,0.03,10.0,123.0,0.9531254687499999,0.0,2021-05-28,False,0.015
132,AAL210528P00016000,16.0,0.01,0.03,5.0,271.0,0.851563984375,0.0,2021-05-28,False,0.02
133,AAL210528P00017000,17.0,0.02,0.04,62.0,458.0,0.7656273437500001,0.0,2021-05-28,False,0.03
134,AAL210528P00017500,17.5,0.03,0.05,7.0,88.0,0.73437765625,0.0,2021-05-28,False,0.04
135,AAL210528P00018000,18.0,0.04,0.06,29.0,1053.0,0.6875031250000001,0.0,2021-05-28,False,0.05
136,AAL210528P00018500,18.5,0.05,0.08,20.0,370.0,0.6523472265625001,0.0,2021-05-28,False,0.065
137,AAL210528P00019000,19.0,0.07,0.09,66.0,723.0,0.6074258007812501,0.0,2021-05-28,False,0.08
138,AAL210528P00019500,19.5,0.11,0.12,50.0,495.0,0.585941640625,0.0,2021-05-28,False,0.11499999999999999
139,AAL210528P00020000,20.0,0.14,0.16,185.0,1147.0,0.5468795312500001,0.0,2021-05-28,False,0.15000000000000002
140,AAL210528P00020500,20.5,0.2,0.22,120.0,573.0,0.5195360546875,0.0,2021-05-28,False,0.21000000000000002
141,AAL210528P00021000,21.0,0.29,0.31,524.0,2491.0,0.500005,0.0,2021-05-28,False,0.3
142,AAL210528P00021500,21.5,0.42,0.45,283.0,219.0,0.49805189453125004,0.0,2021-05-28,False,0.435
143,AAL210528P00022000,22.0,0.6,0.63,223.0,313.0,0.48730981445312505,0.0,2021-05-28,False,0.615
144,AAL210528P00022500,22.5,0.84,0.88,379.0,105.0,0.49023947265625006,1.0,2021-05-28,False,0.86
145,AAL210528P00023000,23.0,1.11,1.2,101.0,356.0,0.507817421875,1.0,2021-05-28,False,1.155
146,AAL210528P00023500,23.5,1.45,1.51,97.0,41.0,0.49219257812500006,1.0,2021-05-28,False,1.48
147,AAL210528P00024000,24.0,1.83,1.9,25.0,13.0,0.5029346582031251,1.0,2021-05-28,False,1.865
148,AAL210528P00024500,24.5,2.1,2.44,11.0,36.0,0.6132851171875001,1.0,2021-05-28,False,2.27
149,AAL210528P00025000,25.0,2.68,2.77,1.0,12.0,0.5371140039062501,1.0,2021-05-28,False,2.725
150,AAL210528P00025500,25.5,3.15,3.25,4.0,8.0,0.51758294921875,1.0,2021-05-28,False,3.2
151,AAL210528P00026000,26.0,3.6,3.75,2.0,12.0,0.5351608984375,1.0,2021-05-28,False,3.675
152,AAL210528P00026500,26.5,4.1,4.2,5.0,2.0,0.5390671093750001,1.0,2021-05-28,False,4.15
153,AAL210528P00027000,27.0,4.6,4.7,,2.0,0.585941640625,1.0,2021-05-28,False,4.65
154,AAL210528P00029500,29.5,7.45,8.15,,0.0,1.5546897265624997,1.0,2021-05-28,False,7.800000000000001
155,AAL210528P00030500,30.5,7.75,8.4,1.0,0.0,1.2812535937499998,1.0,2021-05-28,False,8.075
156,AAL210528P00031000,31.0,8.8,9.1,1.0,1.0,1.3828155859374998,1.0,2021-05-28,False,8.95
157,AAL210604C00013500,13.5,8.85,9.1,,1.0,1.21875390625,1.0,2021-06-04,True,8.975
158,AAL210604C00014500,14.5,7.85,8.05,10.0,3.0,0.992187578125,1.0,2021-06-04,True,7.95
159,AAL210604C00015000,15.0,7.35,7.5,3.0,3.0,0.8281267187499999,1.0,2021-06-04,True,7.425
160,AAL210604C00015500,15.5,6.9,7.0,1.0,2.0,0.85937640625,1.0,2021-06-04,True,6.95
161,AAL210604C00016000,16.0,6.4,6.55,1.0,16.0,0.85937640625,1.0,2021-06-04,True,6.475
162,AAL210604C00016500,16.5,5.9,6.0,13.0,14.0,0.73437765625,1.0,2021-06-04,True,5.95
163,AAL210604C00017000,17.0,5.4,5.55,2.0,5.0,0.7304714453125,1.0,2021-06-04,True,5.475
164,AAL210604C00017500,17.5,4.6,5.05,1.0,2.0,0.7851583984375,1.0,2021-06-04,True,4.824999999999999
165,AAL210604C00018000,18.0,4.45,4.55,45.0,5.0,0.6445348046875,1.0,2021-06-04,True,4.5
166,AAL210604C00018500,18.5,3.95,4.1,3.0,12.0,0.6152382226562501,1.0,2021-06-04,True,4.025
167,AAL210604C00019000,19.0,3.5,3.6,36.0,44.0,0.57617611328125,1.0,2021-06-04,True,3.55
168,AAL210604C00019500,19.5,3.05,3.15,1.0,25.0,0.5566450585937501,1.0,2021-06-04,True,3.0999999999999996
169,AAL210604C00020000,20.0,2.59,2.71,75.0,279.0,0.524418818359375,1.0,2021-06-04,True,2.65
170,AAL210604C00020500,20.5,2.04,2.35,12.0,239.0,0.5800823242187501,1.0,2021-06-04,True,2.1950000000000003
171,AAL210604C00021000,21.0,1.72,1.86,97.0,905.0,0.49805189453125004,1.0,2021-06-04,True,1.79
172,AAL210604C00021500,21.5,1.37,1.49,294.0,491.0,0.47559118164062497,1.0,2021-06-04,True,1.4300000000000002
173,AAL210604C00022000,22.0,1.14,1.23,543.0,967.0,0.49121602539062503,1.0,2021-06-04,True,1.185
174,AAL210604C00022500,22.5,0.87,0.94,617.0,797.0,0.471684970703125,0.0,2021-06-04,True,0.905
175,AAL210604C00023000,23.0,0.67,0.72,325.0,621.0,0.467778759765625,0.0,2021-06-04,True,0.6950000000000001
176,AAL210604C00023500,23.5,0.51,0.53,160.0,359.0,0.45898978515625005,0.0,2021-06-04,True,0.52
177,AAL210604C00024000,24.0,0.37,0.4,944.0,3102.0,0.463872548828125,0.0,2021-06-04,True,0.385
178,AAL210604C00024500,24.5,0.27,0.3,448.0,104.0,0.4687553125,0.0,2021-06-04,True,0.28500000000000003
179,AAL210604C00025000,25.0,0.2,0.23,316.0,542.0,0.47852083984375,0.0,2021-06-04,True,0.21500000000000002
180,AAL210604C00025500,25.5,0.16,0.18,8.0,154.0,0.49219257812500006,0.0,2021-06-04,True,0.16999999999999998
181,AAL210604C00026000,26.0,0.12,0.14,6.0,220.0,0.5039112109375,0.0,2021-06-04,True,0.13
182,AAL210604C00026500,26.5,0.09,0.11,1.0,41.0,0.5039112109375,0.0,2021-06-04,True,0.1
183,AAL210604C00027000,27.0,0.07,0.09,20.0,19.0,0.5195360546875,0.0,2021-06-04,True,0.08
184,AAL210604C00027500,27.5,0.06,0.07,14.0,49.0,0.53320779296875,0.0,2021-06-04,True,0.065
185,AAL210604C00028500,28.5,0.05,0.06,1.0,31.0,0.585941640625,0.0,2021-06-04,True,0.055
186,AAL210604C00030000,30.0,0.03,0.04,9.0,52.0,0.632816171875,0.0,2021-06-04,True,0.035
187,AAL210604P00013500,13.5,0.0,0.03,1.0,1.0,0.9531254687499999,0.0,2021-06-04,False,0.015
188,AAL210604P00014000,14.0,0.0,0.03,1.0,1.0,0.8906260937499999,0.0,2021-06-04,False,0.015
189,AAL210604P00015000,15.0,0.02,0.04,1.0,1.0,0.851563984375,0.0,2021-06-04,False,0.03
190,AAL210604P00015500,15.5,0.03,0.04,,100.0,0.8125018749999999,0.0,2021-06-04,False,0.035
191,AAL210604P00016000,16.0,0.03,0.05,2.0,15.0,0.7656273437500001,0.0,2021-06-04,False,0.04
192,AAL210604P00016500,16.5,0.04,0.06,5.0,5.0,0.73437765625,0.0,2021-06-04,False,0.05
193,AAL210604P00017000,17.0,0.05,0.07,25.0,113.0,0.6992217578125001,0.0,2021-06-04,False,0.060000000000000005
194,AAL210604P00017500,17.5,0.06,0.08,1.0,52.0,0.6562534375000001,0.0,2021-06-04,False,0.07
195,AAL210604P00018000,18.0,0.08,0.1,5.0,141.0,0.6289099609375001,0.0,2021-06-04,False,0.09
196,AAL210604P00018500,18.5,0.1,0.12,8.0,71.0,0.5937540625000001,0.0,2021-06-04,False,0.11
197,AAL210604P00019000,19.0,0.13,0.15,224.0,299.0,0.5664105859375,0.0,2021-06-04,False,0.14
198,AAL210604P00019500,19.5,0.17,0.19,71.0,179.0,0.5371140039062501,0.0,2021-06-04,False,0.18
199,AAL210604P00020000,20.0,0.22,0.24,143.0,262.0,0.508793974609375,0.0,2021-06-04,False,0.22999999999999998
200,AAL210604P00020500,20.5,0.3,0.32,96.0,358.0,0.49707534179687507,0.0,2021-06-04,False,0.31
201,AAL210604P00021000,21.0,0.41,0.43,39.0,300.0,0.481450498046875,0.0,2021-06-04,False,0.42
202,AAL210604P00021500,21.5,0.56,0.58,40.0,293.0,0.47070841796875,0.0,2021-06-04,False,0.5700000000000001
203,AAL210604P00022000,22.0,0.75,0.8,110.0,251.0,0.476567734375,0.0,2021-06-04,False,0.775
204,AAL210604P00022500,22.5,0.98,1.04,173.0,143.0,0.471684970703125,1.0,2021-06-04,False,1.01
205,AAL210604P00023000,23.0,1.26,1.32,12.0,61.0,0.467778759765625,1.0,2021-06-04,False,1.29
206,AAL210604P00023500,23.5,1.59,1.67,14.0,5.0,0.47949739257812496,1.0,2021-06-04,False,1.63
207,AAL210604P00024000,24.0,1.95,2.06,276.0,43.0,0.49707534179687507,1.0,2021-06-04,False,2.005
208,AAL210604P00024500,24.5,2.34,2.57,9.0,11.0,0.5039112109375,1.0,2021-06-04,False,2.455
209,AAL210604P00025000,25.0,2.77,2.86,1.0,9.0,0.5009815527343751,1.0,2021-06-04,False,2.815
210,AAL210604P00026000,26.0,3.65,3.8,4.0,4.0,0.5585981640625001,1.0,2021-06-04,False,3.7249999999999996
211,AAL210611C00014500,14.5,7.35,9.15,,1.0,1.3183627832031248,1.0,2021-06-11,True,8.25
212,AAL210611C00017000,17.0,5.4,6.55,,1.0,1.111332568359375,1.0,2021-06-11,True,5.975
213,AAL210611C00017500,17.5,4.95,5.1,1.0,2.0,0.6445348046875,1.0,2021-06-11,True,5.025
214,AAL210611C00018000,18.0,4.45,5.25,1.0,0.0,0.867188828125,1.0,2021-06-11,True,4.85
215,AAL210611C00019000,19.0,3.55,3.65,2.0,3.0,0.5410202148437502,1.0,2021-06-11,True,3.5999999999999996
216,AAL210611C00019500,19.5,3.1,3.25,3.0,5.0,0.53320779296875,1.0,2021-06-11,True,3.175
217,AAL210611C00020000,20.0,2.69,2.76,9.0,10.0,0.500005,1.0,2021-06-11,True,2.7249999999999996
218,AAL210611C00020500,20.5,2.27,2.43,9.0,44.0,0.500005,1.0,2021-06-11,True,2.35
219,AAL210611C00021000,21.0,1.92,1.99,153.0,244.0,0.49219257812500006,1.0,2021-06-11,True,1.955
220,AAL210611C00021500,21.5,1.6,1.7,79.0,305.0,0.5029346582031251,1.0,2021-06-11,True,1.65
221,AAL210611C00022000,22.0,1.31,1.38,84.0,285.0,0.485356708984375,1.0,2021-06-11,True,1.345
222,AAL210611C00022500,22.5,1.05,1.09,58.0,214.0,0.467778759765625,0.0,2021-06-11,True,1.07
223,AAL210611C00023000,23.0,0.82,0.89,54.0,603.0,0.47363807617187503,0.0,2021-06-11,True,0.855
224,AAL210611C00023500,23.5,0.65,0.71,138.0,72.0,0.47363807617187503,0.0,2021-06-11,True,0.6799999999999999
225,AAL210611C00024000,24.0,0.51,0.54,75.0,301.0,0.46484910156250003,0.0,2021-06-11,True,0.525
226,AAL210611C00024500,24.5,0.39,0.44,29.0,104.0,0.476567734375,0.0,2021-06-11,True,0.41500000000000004
227,AAL210611C00025000,25.0,0.31,0.32,68.0,77.0,0.46582565429687506,0.0,2021-06-11,True,0.315
228,AAL210611C00025500,25.5,0.24,0.27,9.0,371.0,0.48438015625,0.0,2021-06-11,True,0.255
229,AAL210611C00026000,26.0,0.19,0.22,1.0,164.0,0.495122236328125,0.0,2021-06-11,True,0.20500000000000002
230,AAL210611C00026500,26.5,0.15,0.18,1.0,2.0,0.50586431640625,0.0,2021-06-11,True,0.16499999999999998
231,AAL210611C00027000,27.0,0.12,0.15,5.0,17.0,0.50586431640625,0.0,2021-06-11,True,0.135
232,AAL210611C00028000,28.0,0.08,0.1,23.0,23.0,0.523442265625,0.0,2021-06-11,True,0.09
233,AAL210611C00028500,28.5,0.07,0.09,25.0,25.0,0.5429733203125001,0.0,2021-06-11,True,0.08
234,AAL210611C00030000,30.0,0.04,0.06,20.0,24.0,0.57812921875,0.0,2021-06-11,True,0.05
235,AAL210611P00015000,15.0,0.02,0.1,2.0,5.0,0.8242205078124999,0.0,2021-06-11,False,0.060000000000000005
236,AAL210611P00015500,15.5,0.03,0.1,15.0,15.0,0.7773459765625,0.0,2021-06-11,False,0.065
237,AAL210611P00016000,16.0,0.0,0.2,20.0,30.0,0.7851583984375,0.0,2021-06-11,False,0.1
238,AAL210611P00016500,16.5,0.05,0.09,6.0,56.0,0.6757844921875001,0.0,2021-06-11,False,0.07
239,AAL210611P00017500,17.5,0.09,0.12,1.0,3.0,0.6191444335937502,0.0,2021-06-11,False,0.105
240,AAL210611P00018000,18.0,0.11,0.14,1.0,114.0,0.585941640625,0.0,2021-06-11,False,0.125
241,AAL210611P00018500,18.5,0.14,0.17,50.0,245.0,0.56055126953125,0.0,2021-06-11,False,0.15500000000000003
242,AAL210611P00019000,19.0,0.18,0.21,21.0,398.0,0.5371140039062501,0.0,2021-06-11,False,0.195
243,AAL210611P00019500,19.5,0.23,0.27,1.0,94.0,0.51562984375,0.0,2021-06-11,False,0.25
244,AAL210611P00020000,20.0,0.31,0.34,60.0,161.0,0.500005,0.0,2021-06-11,False,0.325
245,AAL210611P00020500,20.5,0.4,0.44,39.0,106.0,0.49414568359375005,0.0,2021-06-11,False,0.42000000000000004
246,AAL210611P00021000,21.0,0.53,0.57,195.0,242.0,0.48242705078125003,0.0,2021-06-11,False,0.55
247,AAL210611P00021500,21.5,0.7,0.74,116.0,236.0,0.476567734375,0.0,2021-06-11,False,0.72
248,AAL210611P00022000,22.0,0.9,0.97,13.0,167.0,0.481450498046875,0.0,2021-06-11,False,0.935
249,AAL210611P00022500,22.5,1.13,1.19,111.0,306.0,0.467778759765625,1.0,2021-06-11,False,1.16
250,AAL210611P00023000,23.0,1.41,1.5,103.0,52.0,0.477544287109375,1.0,2021-06-11,False,1.455
251,AAL210611P00023500,23.5,1.7,1.84,8.0,25.0,0.48730981445312505,1.0,2021-06-11,False,1.77
252,AAL210611P00024000,24.0,2.06,2.24,1.0,14.0,0.5107470800781251,1.0,2021-06-11,False,2.1500000000000004
253,AAL210611P00024500,24.5,2.44,2.56,12.0,26.0,0.48633326171875,1.0,2021-06-11,False,2.5
254,AAL210611P00025500,25.5,3.3,3.4,,4.0,0.5029346582031251,1.0,2021-06-11,False,3.3499999999999996
255,AAL210611P00026000,26.0,3.75,3.85,,1.0,0.51562984375,1.0,2021-06-11,False,3.8
256,AAL210611P00028000,28.0,5.65,5.75,15.0,6.0,0.5371140039062501,1.0,2021-06-11,False,5.7
257,AAL210618C00003000,3.0,18.2,18.75,2.0,52.0,1.0000000000000003e-05,1.0,2021-06-18,True,18.475
258,AAL210618C00005000,5.0,17.35,17.45,1.0,51.0,0.500005,1.0,2021-06-18,True,17.4
259,AAL210618C00006000,6.0,16.35,16.55,3.0,23.0,2.0859422851562495,1.0,2021-06-18,True,16.450000000000003
260,AAL210618C00007000,7.0,14.2,14.35,1.0,52.0,1.0000000000000003e-05,1.0,2021-06-18,True,14.274999999999999
261,AAL210618C00008000,8.0,14.35,14.55,1.0,376.0,1.65625171875,1.0,2021-06-18,True,14.45
262,AAL210618C00009000,9.0,13.3,13.55,1.0,165.0,1.3281283593749997,1.0,2021-06-18,True,13.425
263,AAL210618C00010000,10.0,12.35,12.55,100.0,782.0,1.3203158984374999,1.0,2021-06-18,True,12.45
264,AAL210618C00011000,11.0,11.35,11.6,10.0,198.0,1.2578162109375,1.0,2021-06-18,True,11.475
265,AAL210618C00012000,12.0,10.4,10.5,80.0,1272.0,1.0468797656250002,1.0,2021-06-18,True,10.45
266,AAL210618C00013000,13.0,9.4,9.55,4.0,1867.0,0.9960937890625,1.0,2021-06-18,True,9.475000000000001
267,AAL210618C00014000,14.0,8.4,8.5,31.0,1904.0,0.8164080859374999,1.0,2021-06-18,True,8.45
268,AAL210618C00015000,15.0,7.4,7.55,79.0,10227.0,0.7656273437500001,1.0,2021-06-18,True,7.475
269,AAL210618C00016000,16.0,6.45,6.55,7.0,2932.0,0.70117486328125,1.0,2021-06-18,True,6.5
270,AAL210618C00017000,17.0,5.45,5.6,14.0,7609.0,0.6269568554687501,1.0,2021-06-18,True,5.525
271,AAL210618C00018000,18.0,4.55,4.65,52.0,153.0,0.5937540625000001,1.0,2021-06-18,True,4.6
272,AAL210618C00019000,19.0,3.65,3.75,29.0,476.0,0.5507857421875001,1.0,2021-06-18,True,3.7
273,AAL210618C00020000,20.0,2.8,2.86,957.0,13083.0,0.5009815527343751,1.0,2021-06-18,True,2.83
274,AAL210618C00021000,21.0,2.08,2.13,1079.0,9583.0,0.4975636181640626,1.0,2021-06-18,True,2.105
275,AAL210618C00022000,22.0,1.48,1.51,2520.0,21850.0,0.481450498046875,1.0,2021-06-18,True,1.495
276,AAL210618C00023000,23.0,1.01,1.02,8103.0,16770.0,0.46973186523437505,0.0,2021-06-18,True,1.0150000000000001
277,AAL210618C00024000,24.0,0.66,0.69,4185.0,18000.0,0.47559118164062497,0.0,2021-06-18,True,0.675
278,AAL210618C00025000,25.0,0.44,0.45,1872.0,30145.0,0.477544287109375,0.0,2021-06-18,True,0.445
279,AAL210618C00026000,26.0,0.27,0.28,542.0,3849.0,0.477544287109375,0.0,2021-06-18,True,0.275
280,AAL210618C00027000,27.0,0.18,0.19,371.0,5940.0,0.49219257812500006,0.0,2021-06-18,True,0.185
281,AAL210618C00028000,28.0,0.12,0.13,93.0,4703.0,0.5039112109375,0.0,2021-06-18,True,0.125
282,AAL210618C00029000,29.0,0.08,0.1,187.0,2346.0,0.523442265625,0.0,2021-06-18,True,0.09
283,AAL210618C00030000,30.0,0.06,0.07,386.0,17062.0,0.5390671093750001,0.0,2021-06-18,True,0.065
284,AAL210618C00031000,31.0,0.05,0.06,10.0,1355.0,0.570316796875,0.0,2021-06-18,True,0.055
285,AAL210618C00032000,32.0,0.04,0.05,80.0,1622.0,0.5937540625000001,0.0,2021-06-18,True,0.045
286,AAL210618C00033000,33.0,0.03,0.04,2.0,529.0,0.6093789062500001,0.0,2021-06-18,True,0.035
287,AAL210618C00034000,34.0,0.02,0.04,23.0,826.0,0.632816171875,0.0,2021-06-18,True,0.03
288,AAL210618C00035000,35.0,0.02,0.03,107.0,7911.0,0.6562534375000001,0.0,2021-06-18,True,0.025
289,AAL210618C00036000,36.0,0.02,0.03,14.0,321.0,0.6875031250000001,0.0,2021-06-18,True,0.025
290,AAL210618C00037000,37.0,0.02,0.03,449.0,1296.0,0.726565234375,0.0,2021-06-18,True,0.025
291,AAL210618C00038000,38.0,0.0,0.03,375.0,2188.0,0.70312796875,0.0,2021-06-18,True,0.015
292,AAL210618C00039000,39.0,0.0,0.03,95.0,1223.0,0.73437765625,0.0,2021-06-18,True,0.015
293,AAL210618C00040000,40.0,0.01,0.02,2.0,2111.0,0.7656273437500001,0.0,2021-06-18,True,0.015
294,AAL210618P00003000,3.0,0.0,0.01,30.0,1715.0,2.3750040624999995,0.0,2021-06-18,False,0.005
295,AAL210618P00005000,5.0,0.0,0.03,1.0,24599.0,2.000005,0.0,2021-06-18,False,0.015
296,AAL210618P00006000,6.0,0.0,0.03,8.0,12049.0,1.78125109375,0.0,2021-06-18,False,0.015
297,AAL210618P00007000,7.0,0.0,0.03,1.0,5080.0,1.5625021874999998,0.0,2021-06-18,False,0.015
298,AAL210618P00008000,8.0,0.0,0.01,1.0,59753.0,1.2500037499999999,0.0,2021-06-18,False,0.005
299,AAL210618P00009000,9.0,0.0,0.03,100.0,12141.0,1.2500037499999999,0.0,2021-06-18,False,0.015
300,AAL210618P00010000,10.0,0.0,0.03,2.0,16269.0,1.109379453125,0.0,2021-06-18,False,0.015
301,AAL210618P00011000,11.0,0.0,0.03,4.0,2794.0,0.98437515625,0.0,2021-06-18,False,0.015
302,AAL210618P00012000,12.0,0.02,0.04,6.0,15001.0,0.9687503125,0.0,2021-06-18,False,0.03
303,AAL210618P00013000,13.0,0.03,0.04,5.0,10304.0,0.87500125,0.0,2021-06-18,False,0.035
304,AAL210618P00014000,14.0,0.04,0.05,1.0,12682.0,0.8007832421875,0.0,2021-06-18,False,0.045
305,AAL210618P00015000,15.0,0.05,0.06,505.0,17823.0,0.7226590234375,0.0,2021-06-18,False,0.055
306,AAL210618P00016000,16.0,0.07,0.08,56.0,5522.0,0.6601596484375001,0.0,2021-06-18,False,0.07500000000000001
307,AAL210618P00017000,17.0,0.11,0.12,147.0,7723.0,0.6152382226562501,0.0,2021-06-18,False,0.11499999999999999
308,AAL210618P00018000,18.0,0.16,0.18,304.0,7035.0,0.5664105859375,0.0,2021-06-18,False,0.16999999999999998
309,AAL210618P00019000,19.0,0.26,0.27,213.0,8230.0,0.5273484765625001,0.0,2021-06-18,False,0.265
310,AAL210618P00020000,20.0,0.42,0.44,1400.0,23656.0,0.5009815527343751,0.0,2021-06-18,False,0.43
311,AAL210618P00021000,21.0,0.68,0.7,308.0,13982.0,0.485356708984375,0.0,2021-06-18,False,0.69
312,AAL210618P00022000,22.0,1.06,1.1,391.0,15164.0,0.477544287109375,0.0,2021-06-18,False,1.08
313,AAL210618P00023000,23.0,1.59,1.62,470.0,15254.0,0.46973186523437505,1.0,2021-06-18,False,1.605
314,AAL210618P00024000,24.0,2.24,2.3,125.0,1568.0,0.47949739257812496,1.0,2021-06-18,False,2.27
315,AAL210618P00025000,25.0,3.0,3.05,46.0,4948.0,0.47852083984375,1.0,2021-06-18,False,3.025
316,AAL210618P00026000,26.0,3.8,3.9,32.0,314.0,0.4892629199218751,1.0,2021-06-18,False,3.8499999999999996
317,AAL210618P00027000,27.0,4.7,4.8,3.0,176.0,0.500005,1.0,2021-06-18,False,4.75
318,AAL210618P00028000,28.0,5.65,5.75,1.0,221.0,0.52539537109375,1.0,2021-06-18,False,5.7
319,AAL210618P00029000,29.0,6.6,6.7,4.0,158.0,0.5351608984375,1.0,2021-06-18,False,6.65
320,AAL210618P00030000,30.0,7.6,7.7,6.0,350.0,0.51562984375,1.0,2021-06-18,False,7.65
321,AAL210618P00031000,31.0,9.65,9.85,3.0,14.0,1.2773473632812498,1.0,2021-06-18,False,9.75
322,AAL210618P00032000,32.0,9.6,9.7,4.0,117.0,0.6054726953125001,1.0,2021-06-18,False,9.649999999999999
323,AAL210618P00033000,33.0,9.65,12.45,4.0,28.0,1.0332079589843752,1.0,2021-06-18,False,11.05
324,AAL210618P00034000,34.0,11.55,11.65,5.0,46.0,0.6875031250000001,1.0,2021-06-18,False,11.600000000000001
325,AAL210618P00035000,35.0,13.65,13.8,89.0,0.0,1.51172119140625,1.0,2021-06-18,False,13.725000000000001
326,AAL210618P00036000,36.0,13.55,13.65,1.0,20.0,0.500005,1.0,2021-06-18,False,13.600000000000001
327,AAL210618P00037000,37.0,16.25,16.4,3.0,5.0,1.8935552197265624,1.0,2021-06-18,False,16.325
328,AAL210618P00038000,38.0,15.55,15.65,1.0,68.0,0.500005,1.0,2021-06-18,False,15.600000000000001
329,AAL210618P00039000,39.0,15.15,15.95,30.0,43.0,1.0000000000000003e-05,1.0,2021-06-18,False,15.55
330,AAL210618P00040000,40.0,16.2,16.9,3.0,22.0,1.0000000000000003e-05,1.0,2021-06-18,False,16.549999999999997
331,AAL210625C00019000,19.0,3.5,3.85,2.0,5.0,0.5839885351562499,1.0,2021-06-25,True,3.675
332,AAL210625C00019500,19.5,2.9,3.4,4.0,6.0,0.5488326367187502,1.0,2021-06-25,True,3.15
333,AAL210625C00020000,20.0,1.0,3.05,2.0,12.0,0.5537154003906251,1.0,2021-06-25,True,2.025
334,AAL210625C00020500,20.5,2.18,2.67,11.0,15.0,0.5371140039062501,1.0,2021-06-25,True,2.425
335,AAL210625C00021000,21.0,2.12,2.35,11.0,82.0,0.5351608984375,1.0,2021-06-25,True,2.2350000000000003
336,AAL210625C00021500,21.5,1.46,1.97,15.0,112.0,0.5039112109375,1.0,2021-06-25,True,1.7149999999999999
337,AAL210625C00022000,22.0,1.56,1.67,23.0,126.0,0.4931691308593751,1.0,2021-06-25,True,1.615
338,AAL210625C00022500,22.5,1.31,1.42,50.0,79.0,0.49023947265625006,0.0,2021-06-25,True,1.365
339,AAL210625C00023000,23.0,1.03,1.19,129.0,27.0,0.485356708984375,0.0,2021-06-25,True,1.1099999999999999
340,AAL210625C00023500,23.5,0.83,1.0,5.0,53.0,0.4848684326171875,0.0,2021-06-25,True,0.915
341,AAL210625C00024000,24.0,0.64,0.83,20.0,113.0,0.48291532714843755,0.0,2021-06-25,True,0.735
342,AAL210625C00024500,24.5,0.57,0.69,3.0,12.0,0.48340360351562506,0.0,2021-06-25,True,0.6299999999999999
343,AAL210625C00025000,25.0,0.5,0.58,67.0,285.0,0.48828636718750007,0.0,2021-06-25,True,0.54
344,AAL210625C00026000,26.0,0.31,0.42,31.0,95.0,0.5029346582031251,0.0,2021-06-25,True,0.365
345,AAL210625C00026500,26.5,0.25,0.47,5.0,8.0,0.5117236328125,0.0,2021-06-25,True,0.36
346,AAL210625C00027000,27.0,0.22,0.42,4.0,17.0,0.52539537109375,0.0,2021-06-25,True,0.32
347,AAL210625C00028000,28.0,0.05,0.21,2.0,5.0,0.5224657128906249,0.0,2021-06-25,True,0.13
348,AAL210625C00028500,28.5,0.15,0.41,1.0,3.0,0.596683720703125,0.0,2021-06-25,True,0.27999999999999997
349,AAL210625C00029000,29.0,0.11,0.28,2.0,30.0,0.56836369140625,0.0,2021-06-25,True,0.195
350,AAL210625P00015000,15.0,0.01,0.15,1.0,2.0,0.7070341796875,0.0,2021-06-25,False,0.08
351,AAL210625P00015500,15.5,0.0,0.2,1.0,1.0,0.6875031250000001,0.0,2021-06-25,False,0.1
352,AAL210625P00017000,17.0,0.15,0.23,1.0,115.0,0.6347692773437501,0.0,2021-06-25,False,0.19
353,AAL210625P00017500,17.5,0.18,2.16,1.0,52.0,1.1396527392578126,0.0,2021-06-25,False,1.1700000000000002
354,AAL210625P00018000,18.0,0.21,2.34,101.0,19.0,1.1108442895507813,0.0,2021-06-25,False,1.275
355,AAL210625P00018500,18.5,0.24,0.43,3.0,45.0,0.57812921875,0.0,2021-06-25,False,0.33499999999999996
356,AAL210625P00019000,19.0,0.31,0.38,38.0,81.0,0.5273484765625001,0.0,2021-06-25,False,0.345
357,AAL210625P00019500,19.5,0.39,0.48,27.0,72.0,0.51758294921875,0.0,2021-06-25,False,0.435
358,AAL210625P00020000,20.0,0.49,0.65,214.0,153.0,0.5195360546875,0.0,2021-06-25,False,0.5700000000000001
359,AAL210625P00020500,20.5,0.62,0.8,6.0,19.0,0.5127001855468749,0.0,2021-06-25,False,0.71
360,AAL210625P00021000,21.0,0.68,0.84,62.0,229.0,0.49414568359375005,0.0,2021-06-25,False,0.76
361,AAL210625P00021500,21.5,0.88,1.0,2.0,131.0,0.47900911621093745,0.0,2021-06-25,False,0.94
362,AAL210625P00022000,22.0,1.16,1.21,51.0,31.0,0.4726615234375,0.0,2021-06-25,False,1.185
363,AAL210625P00022500,22.5,1.38,1.49,6.0,19.0,0.47998566894531247,1.0,2021-06-25,False,1.435
364,AAL210625P00023000,23.0,1.49,1.89,7.0,53.0,0.5185595019531251,1.0,2021-06-25,False,1.69
365,AAL210625P00024000,24.0,2.16,2.52,1.0,8.0,0.514653291015625,1.0,2021-06-25,False,2.34
366,AAL210716C00003000,3.0,17.55,21.45,1.0,90.0,2.6406283984375003,1.0,2021-07-16,True,19.5
367,AAL210716C00005000,5.0,15.6,19.45,10.0,122.0,2.042973642578125,1.0,2021-07-16,True,17.525
368,AAL210716C00006000,6.0,14.35,17.95,1.0,18.0,3.654297739257813,1.0,2021-07-16,True,16.15
369,AAL210716C00007000,7.0,16.85,18.45,1.0,36.0,3.8525394311523433,1.0,2021-07-16,True,17.65
370,AAL210716C00008000,8.0,12.5,16.45,20.0,352.0,1.3046909765624997,1.0,2021-07-16,True,14.475
371,AAL210716C00009000,9.0,12.55,14.9,6.0,35.0,1.5781271093749998,1.0,2021-07-16,True,13.725000000000001
372,AAL210716C00010000,10.0,11.95,12.7,453.0,1233.0,1.3906280468749999,1.0,2021-07-16,True,12.325
373,AAL210716C00011000,11.0,9.0,13.0,1.0,164.0,2.166996770019531,1.0,2021-07-16,True,11.0
374,AAL210716C00012000,12.0,9.7,10.7,6.0,1687.0,1.1171919140625,1.0,2021-07-16,True,10.2
375,AAL210716C00013000,13.0,8.0,10.3,3.0,1545.0,1.40625296875,1.0,2021-07-16,True,9.15
376,AAL210716C00014000,14.0,7.1,8.65,10.0,992.0,0.8457046679687499,1.0,2021-07-16,True,7.875
377,AAL210716C00015000,15.0,6.75,8.0,50.0,3868.0,0.9707034179687499,1.0,2021-07-16,True,7.375
378,AAL210716C00016000,16.0,6.0,7.3,16.0,1200.0,0.648441015625,1.0,2021-07-16,True,6.65
379,AAL210716C00017000,17.0,5.6,5.8,24.0,5306.0,0.58789474609375,1.0,2021-07-16,True,5.699999999999999
380,AAL210716C00020000,20.0,3.15,3.25,917.0,15117.0,0.5014698291015626,1.0,2021-07-16,True,3.2
381,AAL210716C00021000,21.0,2.48,2.65,605.0,3011.0,0.524418818359375,1.0,2021-07-16,True,2.565
382,AAL210716C00022000,22.0,1.95,1.99,7010.0,6834.0,0.4892629199218751,1.0,2021-07-16,True,1.97
383,AAL210716C00023000,23.0,1.46,1.51,546.0,2726.0,0.481450498046875,0.0,2021-07-16,True,1.4849999999999999
384,AAL210716C00024000,24.0,1.09,1.2,2471.0,3561.0,0.4975636181640626,0.0,2021-07-16,True,1.145
385,AAL210716C00025000,25.0,0.81,0.87,2415.0,13157.0,0.48682153808593753,0.0,2021-07-16,True,0.8400000000000001
386,AAL210716C00026000,26.0,0.58,0.65,162.0,2771.0,0.4897511962890626,0.0,2021-07-16,True,0.615
387,AAL210716C00027000,27.0,0.28,0.46,32.0,1924.0,0.48438015625,0.0,2021-07-16,True,0.37
388,AAL210716C00028000,28.0,0.32,0.37,54.0,1302.0,0.5019581054687501,0.0,2021-07-16,True,0.345
389,AAL210716C00029000,29.0,0.17,0.3,2157.0,1777.0,0.5185595019531251,0.0,2021-07-16,True,0.235
390,AAL210716C00030000,30.0,0.19,0.24,181.0,6407.0,0.51758294921875,0.0,2021-07-16,True,0.215
391,AAL210716C00031000,31.0,0.01,0.21,16.0,697.0,0.5546919531250001,0.0,2021-07-16,True,0.11
392,AAL210716C00032000,32.0,0.05,0.18,208.0,1115.0,0.5214891601562499,0.0,2021-07-16,True,0.11499999999999999
393,AAL210716C00033000,33.0,0.0,0.19,1.0,2324.0,0.5351608984375,0.0,2021-07-16,True,0.095
394,AAL210716C00034000,34.0,0.09,0.25,1.0,258.0,0.6357458300781251,0.0,2021-07-16,True,0.16999999999999998
395,AAL210716C00035000,35.0,0.0,0.14,45.0,4325.0,0.5664105859375,0.0,2021-07-16,True,0.07
396,AAL210716C00036000,36.0,0.0,0.11,3.0,509.0,0.5722699023437501,0.0,2021-07-16,True,0.055
397,AAL210716C00037000,37.0,0.0,0.12,100.0,833.0,0.6074258007812501,0.0,2021-07-16,True,0.06
398,AAL210716C00038000,38.0,0.0,0.12,1.0,352.0,0.632816171875,0.0,2021-07-16,True,0.06
399,AAL210716C00039000,39.0,0.0,0.14,1.0,407.0,0.6738313867187502,0.0,2021-07-16,True,0.07
400,AAL210716C00040000,40.0,0.05,0.06,10.0,1762.0,0.6718782812500002,0.0,2021-07-16,True,0.055
401,AAL210716P00003000,3.0,0.0,0.04,1.0,49432.0,2.0625048437499998,0.0,2021-07-16,False,0.02
402,AAL210716P00005000,5.0,0.01,0.06,16.0,22971.0,1.6640641796875002,0.0,2021-07-16,False,0.034999999999999996
403,AAL210716P00006000,6.0,0.01,0.05,11.0,6370.0,1.4375028125,0.0,2021-07-16,False,0.030000000000000002
404,AAL210716P00007000,7.0,0.0,0.4,103.0,310.0,1.76171994140625,0.0,2021-07-16,False,0.2
405,AAL210716P00008000,8.0,0.03,0.12,6.0,7834.0,1.3046909765624997,0.0,2021-07-16,False,0.075
406,AAL210716P00009000,9.0,0.01,0.43,3.0,2575.0,1.44140904296875,0.0,2021-07-16,False,0.22
407,AAL210716P00010000,10.0,0.04,0.45,1.0,22753.0,1.32422212890625,0.0,2021-07-16,False,0.245
408,AAL210716P00011000,11.0,0.04,0.44,10.0,3482.0,1.1816447167968749,0.0,2021-07-16,False,0.24
409,AAL210716P00012000,12.0,0.0,0.49,10.0,4693.0,1.0625046875000002,0.0,2021-07-16,False,0.245
410,AAL210716P00013000,13.0,0.0,0.12,20.0,1876.0,0.7070341796875,0.0,2021-07-16,False,0.06
411,AAL210716P00014000,14.0,0.02,0.52,5.0,1821.0,0.8623060644531251,0.0,2021-07-16,False,0.27
412,AAL210716P00015000,15.0,0.1,0.6,20.0,4100.0,0.8173846386718748,0.0,2021-07-16,False,0.35
413,AAL210716P00016000,16.0,0.15,3.5,45.0,2629.0,1.3896514892578122,0.0,2021-07-16,False,1.825
414,AAL210716P00017000,17.0,0.2,0.31,367.0,7284.0,0.56055126953125,0.0,2021-07-16,False,0.255
415,AAL210716P00020000,20.0,0.76,0.82,516.0,8142.0,0.5083056982421875,0.0,2021-07-16,False,0.79
416,AAL210716P00021000,21.0,1.08,1.19,3782.0,4674.0,0.506840869140625,0.0,2021-07-16,False,1.135
417,AAL210716P00022000,22.0,1.52,1.55,1260.0,7661.0,0.47852083984375,0.0,2021-07-16,False,1.5350000000000001
418,AAL210716P00023000,23.0,2.04,2.26,71.0,3028.0,0.5224657128906249,1.0,2021-07-16,False,2.15
419,AAL210716P00024000,24.0,2.57,3.25,21.0,945.0,0.5283250292968751,1.0,2021-07-16,False,2.91
420,AAL210716P00025000,25.0,3.35,3.45,19.0,2015.0,0.4809622216796875,1.0,2021-07-16,False,3.4000000000000004
421,AAL210716P00026000,26.0,4.1,4.85,4.0,675.0,0.5620160986328125,1.0,2021-07-16,False,4.475
422,AAL210716P00027000,27.0,4.85,5.3,1.0,189.0,0.5708050732421875,1.0,2021-07-16,False,5.074999999999999
423,AAL210716P00028000,28.0,5.45,6.2,3.0,120.0,0.5937540625000001,1.0,2021-07-16,False,5.825
424,AAL210716P00029000,29.0,6.55,7.5,4.0,42.0,0.577152666015625,1.0,2021-07-16,False,7.025
425,AAL210716P00030000,30.0,7.5,8.55,10.0,38.0,0.6250037500000001,1.0,2021-07-16,False,8.025
426,AAL210716P00031000,31.0,8.45,9.75,20.0,36.0,0.7041045214843751,1.0,2021-07-16,False,9.1
427,AAL210716P00032000,32.0,9.2,10.45,19.0,15.0,0.6035195898437502,1.0,2021-07-16,False,9.825
428,AAL210716P00033000,33.0,10.35,12.7,10.0,0.0,0.9619144433593749,1.0,2021-07-16,False,11.524999999999999
429,AAL210716P00035000,35.0,11.4,14.3,1.0,10.0,0.727541787109375,1.0,2021-07-16,False,12.850000000000001
430,AAL210716P00036000,36.0,13.2,16.75,,6.0,1.2470740771484374,1.0,2021-07-16,False,14.975
431,AAL210716P00038000,38.0,16.3,16.55,1.0,0.0,1.1181684716796876,1.0,2021-07-16,False,16.425
432,AAL210716P00040000,40.0,18.4,18.6,,5.0,1.2163125122070313,1.0,2021-07-16,False,18.5
433,AAL210820C00003000,3.0,19.2,19.7,1.0,26.0,1.875000625,1.0,2021-08-20,True,19.45
434,AAL210820C00005000,5.0,16.85,17.9,3.0,0.0,2.2421918945312496,1.0,2021-08-20,True,17.375
435,AAL210820C00009000,9.0,13.4,13.6,1.0,49.0,0.9804689453125001,1.0,2021-08-20,True,13.5
436,AAL210820C00010000,10.0,12.1,12.6,20.0,262.0,1.01172369140625,1.0,2021-08-20,True,12.35
437,AAL210820C00011000,11.0,11.5,11.6,2.0,94.0,0.851563984375,1.0,2021-08-20,True,11.55
438,AAL210820C00012000,12.0,10.35,10.7,3.0,273.0,0.7324245507812499,1.0,2021-08-20,True,10.524999999999999
439,AAL210820C00013000,13.0,9.4,9.8,12.0,352.0,0.72070591796875,1.0,2021-08-20,True,9.600000000000001
440,AAL210820C00014000,14.0,8.45,8.7,5.0,204.0,0.6191444335937502,1.0,2021-08-20,True,8.575
441,AAL210820C00015000,15.0,7.65,7.8,51.0,1236.0,0.639652041015625,1.0,2021-08-20,True,7.725
442,AAL210820C00016000,16.0,6.8,6.9,14.0,2805.0,0.6191444335937502,1.0,2021-08-20,True,6.85
443,AAL210820C00017000,17.0,5.9,6.05,116.0,950.0,0.585941640625,1.0,2021-08-20,True,5.975
444,AAL210820C00018000,18.0,5.1,5.2,43.0,1232.0,0.5610395458984375,1.0,2021-08-20,True,5.15
445,AAL210820C00019000,19.0,4.3,4.45,6.0,759.0,0.5390671093750001,1.0,2021-08-20,True,4.375
446,AAL210820C00020000,20.0,3.65,3.75,271.0,5964.0,0.5307664111328125,1.0,2021-08-20,True,3.7
447,AAL210820C00021000,21.0,3.05,3.15,305.0,8148.0,0.524418818359375,1.0,2021-08-20,True,3.0999999999999996
448,AAL210820C00022000,22.0,2.41,2.56,487.0,21114.0,0.5004932763671875,1.0,2021-08-20,True,2.4850000000000003
449,AAL210820C00023000,23.0,2.03,2.12,880.0,2975.0,0.5075732836914062,0.0,2021-08-20,True,2.075
450,AAL210820C00024000,24.0,1.64,1.71,267.0,3177.0,0.5024463818359376,0.0,2021-08-20,True,1.6749999999999998
451,AAL210820C00025000,25.0,1.32,1.36,2862.0,9050.0,0.5029346582031251,0.0,2021-08-20,True,1.34
452,AAL210820C00026000,26.0,1.07,1.1,62.0,2421.0,0.5004932763671875,0.0,2021-08-20,True,1.085
453,AAL210820C00027000,27.0,0.82,0.92,48.0,1855.0,0.5014698291015626,0.0,2021-08-20,True,0.87
454,AAL210820C00028000,28.0,0.66,0.71,136.0,1690.0,0.506840869140625,0.0,2021-08-20,True,0.685
455,AAL210820C00029000,29.0,0.55,0.6,107.0,3007.0,0.5102588037109376,0.0,2021-08-20,True,0.575
456,AAL210820C00030000,30.0,0.45,0.47,1011.0,22582.0,0.5117236328125,0.0,2021-08-20,True,0.45999999999999996
457,AAL210820C00031000,31.0,0.28,0.47,14.0,1949.0,0.516606396484375,0.0,2021-08-20,True,0.375
458,AAL210820C00032000,32.0,0.28,0.34,2.0,477.0,0.5224657128906249,0.0,2021-08-20,True,0.31000000000000005
459,AAL210820C00033000,33.0,0.23,0.29,7.0,1464.0,0.5302781347656251,0.0,2021-08-20,True,0.26
460,AAL210820C00034000,34.0,0.18,0.27,1.0,2698.0,0.5410202148437502,0.0,2021-08-20,True,0.225
461,AAL210820C00035000,35.0,0.15,0.19,2.0,4205.0,0.534184345703125,0.0,2021-08-20,True,0.16999999999999998
462,AAL210820C00036000,36.0,0.15,0.2,1.0,1126.0,0.5625043750000001,0.0,2021-08-20,True,0.175
463,AAL210820C00037000,37.0,0.13,0.15,1.0,846.0,0.5625043750000001,0.0,2021-08-20,True,0.14
464,AAL210820C00038000,38.0,0.11,0.13,4.0,2578.0,0.56836369140625,0.0,2021-08-20,True,0.12
465,AAL210820C00039000,39.0,0.1,0.47,6.0,524.0,0.700198310546875,0.0,2021-08-20,True,0.285
466,AAL210820C00040000,40.0,0.09,0.11,33.0,4183.0,0.5918009570312501,0.0,2021-08-20,True,0.1
467,AAL210820P00003000,3.0,0.0,0.18,1000.0,1134.0,2.07031732421875,0.0,2021-08-20,False,0.09
468,AAL210820P00005000,5.0,0.01,0.03,24.0,170.0,1.2343788281249999,0.0,2021-08-20,False,0.02
469,AAL210820P00009000,9.0,0.05,0.16,75.0,3141.0,0.992187578125,0.0,2021-08-20,False,0.10500000000000001
470,AAL210820P00010000,10.0,0.08,0.09,1.0,16177.0,0.8554701953125,0.0,2021-08-20,False,0.08499999999999999
471,AAL210820P00011000,11.0,0.1,0.11,22.0,4673.0,0.7929708203125,0.0,2021-08-20,False,0.10500000000000001
472,AAL210820P00012000,12.0,0.11,0.14,7.0,10842.0,0.7324245507812499,0.0,2021-08-20,False,0.125
473,AAL210820P00013000,13.0,0.16,0.18,26.0,16529.0,0.6953155468750001,0.0,2021-08-20,False,0.16999999999999998
474,AAL210820P00014000,14.0,0.21,0.23,3.0,3305.0,0.6543003320312502,0.0,2021-08-20,False,0.22
475,AAL210820P00015000,15.0,0.29,0.33,162.0,6560.0,0.63086306640625,0.0,2021-08-20,False,0.31
476,AAL210820P00016000,16.0,0.39,0.4,103.0,2413.0,0.5937540625000001,0.0,2021-08-20,False,0.395
477,AAL210820P00017000,17.0,0.48,0.54,12.0,2511.0,0.561527822265625,0.0,2021-08-20,False,0.51
478,AAL210820P00018000,18.0,0.68,0.75,163.0,20729.0,0.5498091894531252,0.0,2021-08-20,False,0.7150000000000001
479,AAL210820P00019000,19.0,0.93,1.0,113.0,3727.0,0.5366257275390626,0.0,2021-08-20,False,0.9650000000000001
480,AAL210820P00020000,20.0,1.21,1.31,134.0,10928.0,0.5205126074218749,0.0,2021-08-20,False,1.26
481,AAL210820P00021000,21.0,1.6,1.74,33.0,7083.0,0.51758294921875,0.0,2021-08-20,False,1.67
482,AAL210820P00022000,22.0,2.05,2.15,80.0,3537.0,0.5039112109375,0.0,2021-08-20,False,2.0999999999999996
483,AAL210820P00023000,23.0,2.57,2.65,99.0,4373.0,0.5024463818359376,1.0,2021-08-20,False,2.61
484,AAL210820P00024000,24.0,3.2,3.25,106.0,3061.0,0.49707534179687507,1.0,2021-08-20,False,3.225
485,AAL210820P00025000,25.0,3.85,3.95,9.0,747.0,0.5009815527343751,1.0,2021-08-20,False,3.9000000000000004
486,AAL210820P00026000,26.0,4.6,5.15,114.0,975.0,0.5459029785156251,1.0,2021-08-20,False,4.875
487,AAL210820P00027000,27.0,5.35,5.6,2.0,383.0,0.5029346582031251,1.0,2021-08-20,False,5.475
488,AAL210820P00028000,28.0,6.2,6.45,2.0,62.0,0.5107470800781251,1.0,2021-08-20,False,6.325
489,AAL210820P00029000,29.0,7.05,7.2,27.0,279.0,0.5180712255859375,1.0,2021-08-20,False,7.125
490,AAL210820P00030000,30.0,7.95,8.1,42.0,890.0,0.500005,1.0,2021-08-20,False,8.025
491,AAL210820P00031000,31.0,9.9,10.05,3.0,32.0,0.8149432568359375,1.0,2021-08-20,False,9.975000000000001
492,AAL210820P00032000,32.0,9.8,9.9,61.0,115.0,0.5185595019531251,1.0,2021-08-20,False,9.850000000000001
493,AAL210820P00033000,33.0,10.55,11.2,2.0,27.0,0.5380905566406251,1.0,2021-08-20,False,10.875
494,AAL210820P00034000,34.0,11.65,11.85,9.0,374.0,0.5546919531250001,1.0,2021-08-20,False,11.75
495,AAL210820P00035000,35.0,12.7,12.8,2.0,174.0,0.5214891601562499,1.0,2021-08-20,False,12.75
496,AAL210820P00036000,36.0,13.5,13.95,16.0,24.0,0.5273484765625001,1.0,2021-08-20,False,13.725
497,AAL210820P00037000,37.0,14.5,15.05,1.0,23.0,0.58789474609375,1.0,2021-08-20,False,14.775
498,AAL210820P00038000,38.0,15.4,16.1,4.0,22.0,0.5937540625000001,1.0,2021-08-20,False,15.75
499,AAL210820P00039000,39.0,17.5,18.85,7.0,55.0,1.142582412109375,1.0,2021-08-20,False,18.175
500,AAL210820P00040000,40.0,17.55,18.1,1.0,68.0,0.6894562304687502,1.0,2021-08-20,False,17.825000000000003
501,AAL211119C00012000,12.0,10.65,11.15,25.0,52.0,0.7392604199218749,1.0,2021-11-19,True,10.9
502,AAL211119C00013000,13.0,9.7,9.95,1.0,51.0,0.63086306640625,1.0,2021-11-19,True,9.825
503,AAL211119C00014000,14.0,8.1,9.5,2.0,76.0,0.551762294921875,1.0,2021-11-19,True,8.8
504,AAL211119C00015000,15.0,7.75,9.0,10.0,163.0,0.6684603466796877,1.0,2021-11-19,True,8.375
505,AAL211119C00016000,16.0,7.25,7.4,15.0,77.0,0.5805706005859376,1.0,2021-11-19,True,7.325
506,AAL211119C00017000,17.0,6.3,6.9,57.0,65157.0,0.5751995605468749,1.0,2021-11-19,True,6.6
507,AAL211119C00018000,18.0,5.5,6.05,10.0,248.0,0.5395553857421876,1.0,2021-11-19,True,5.775
508,AAL211119C00019000,19.0,4.85,5.65,2.0,200.0,0.5571333349609376,1.0,2021-11-19,True,5.25
509,AAL211119C00020000,20.0,4.45,4.6,13.0,1265.0,0.5278367529296876,1.0,2021-11-19,True,4.525
510,AAL211119C00021000,21.0,3.85,4.05,15.0,755.0,0.5183153637695312,1.0,2021-11-19,True,3.95
511,AAL211119C00022000,22.0,3.4,3.5,207.0,4856.0,0.5136767382812499,1.0,2021-11-19,True,3.45
512,AAL211119C00023000,23.0,2.92,3.05,175.0,772.0,0.506840869140625,0.0,2021-11-19,True,2.985
513,AAL211119C00024000,24.0,2.35,2.64,131.0,2309.0,0.5117236328125,0.0,2021-11-19,True,2.495
514,AAL211119C00025000,25.0,2.2,2.29,593.0,3932.0,0.5024463818359376,0.0,2021-11-19,True,2.245
515,AAL211119C00026000,26.0,1.89,1.99,575.0,5448.0,0.5007374145507812,0.0,2021-11-19,True,1.94
516,AAL211119C00027000,27.0,1.54,1.72,613.0,1139.0,0.5070850073242188,0.0,2021-11-19,True,1.63
517,AAL211119C00028000,28.0,1.41,1.51,59.0,1407.0,0.5017139672851563,0.0,2021-11-19,True,1.46
518,AAL211119C00029000,29.0,1.22,1.4,499.0,794.0,0.5102588037109376,0.0,2021-11-19,True,1.31
519,AAL211119C00030000,30.0,1.1,1.15,983.0,2448.0,0.5083056982421875,0.0,2021-11-19,True,1.125
520,AAL211119C00031000,31.0,0.91,1.01,4.0,77.0,0.50586431640625,0.0,2021-11-19,True,0.96
521,AAL211119C00032000,32.0,0.8,0.98,66.0,810.0,0.5190477783203125,0.0,2021-11-19,True,0.89
522,AAL211119C00033000,33.0,0.73,0.77,1.0,64.0,0.5136767382812499,0.0,2021-11-19,True,0.75
523,AAL211119C00034000,34.0,0.63,0.68,10.0,671.0,0.5151415673828125,0.0,2021-11-19,True,0.655
524,AAL211119C00035000,35.0,0.55,0.6,26.0,449.0,0.51758294921875,0.0,2021-11-19,True,0.575
525,AAL211119P00012000,12.0,0.26,0.37,10.0,36.0,0.65039412109375,0.0,2021-11-19,False,0.315
526,AAL211119P00013000,13.0,0.34,0.48,1.0,49.0,0.6250037500000001,0.0,2021-11-19,False,0.41000000000000003
527,AAL211119P00014000,14.0,0.19,0.93,1.0,1077.0,0.6132851171875001,0.0,2021-11-19,False,0.56
528,AAL211119P00015000,15.0,0.32,0.83,5.0,511.0,0.5493209130859377,0.0,2021-11-19,False,0.575
529,AAL211119P00016000,16.0,0.8,0.94,17.0,1673.0,0.5664105859375,0.0,2021-11-19,False,0.87
530,AAL211119P00017000,17.0,1.0,1.2,32.0,8231.0,0.5522505712890625,0.0,2021-11-19,False,1.1
531,AAL211119P00018000,18.0,1.23,1.44,5.0,5535.0,0.5312546875,0.0,2021-11-19,False,1.335
532,AAL211119P00019000,19.0,1.6,1.74,1.0,8344.0,0.5231981274414061,0.0,2021-11-19,False,1.67
533,AAL211119P00020000,20.0,1.93,2.1,2.0,6987.0,0.508793974609375,0.0,2021-11-19,False,2.015
534,AAL211119P00021000,21.0,2.43,2.54,7.0,720.0,0.507817421875,0.0,2021-11-19,False,2.4850000000000003
535,AAL211119P00022000,22.0,2.89,3.05,1.0,2403.0,0.5009815527343751,0.0,2021-11-19,False,2.9699999999999998
536,AAL211119P00023000,23.0,3.45,3.6,5.0,1887.0,0.5092822509765625,1.0,2021-11-19,False,3.5250000000000004
537,AAL211119P00024000,24.0,4.05,4.15,37.0,803.0,0.49805189453125004,1.0,2021-11-19,False,4.1
538,AAL211119P00025000,25.0,4.65,4.8,3.0,2536.0,0.49561051269531253,1.0,2021-11-19,False,4.725
539,AAL211119P00026000,26.0,5.25,5.6,1.0,234.0,0.5105029418945313,1.0,2021-11-19,False,5.425
540,AAL211119P00027000,27.0,6.05,6.45,2.0,256.0,0.5288133056640626,1.0,2021-11-19,False,6.25
541,AAL211119P00028000,28.0,6.7,7.15,9.0,101.0,0.5173388110351562,1.0,2021-11-19,False,6.925000000000001
542,AAL211119P00029000,29.0,7.5,8.0,9.0,36.0,0.526371923828125,1.0,2021-11-19,False,7.75
543,AAL211119P00030000,30.0,8.45,8.85,4.0,16.0,0.5319871020507813,1.0,2021-11-19,False,8.649999999999999
544,AAL211119P00031000,31.0,9.95,10.3,3.0,3.0,0.6123085644531252,1.0,2021-11-19,False,10.125
545,AAL211119P00032000,32.0,10.15,10.75,2.0,258.0,0.5107470800781251,1.0,2021-11-19,False,10.45
546,AAL211119P00033000,33.0,11.2,11.65,12.0,45.0,0.5310105493164063,1.0,2021-11-19,False,11.425
547,AAL211119P00034000,34.0,12.1,12.4,14.0,48.0,0.514653291015625,1.0,2021-11-19,False,12.25
548,AAL211119P00035000,35.0,13.0,13.25,4.0,17.0,0.5048877636718749,1.0,2021-11-19,False,13.125
549,AAL211217C00003000,3.0,16.25,20.2,2.0,69.0,2.3925821435546872,1.0,2021-12-17,True,18.225
550,AAL211217C00005000,5.0,16.9,18.05,1.0,54.0,1.000005,1.0,2021-12-17,True,17.475
551,AAL211217C00008000,8.0,14.4,14.7,1.0,204.0,0.7949239257812499,1.0,2021-12-17,True,14.55
552,AAL211217C00010000,10.0,11.55,12.95,9.0,314.0,0.87695435546875,1.0,2021-12-17,True,12.25
553,AAL211217C00012000,12.0,10.5,10.9,2.0,590.0,0.5986368261718751,1.0,2021-12-17,True,10.7
554,AAL211217C00015000,15.0,8.15,8.3,59.0,2403.0,0.5835002587890624,1.0,2021-12-17,True,8.225000000000001
555,AAL211217C00017000,17.0,6.6,6.75,17.0,2528.0,0.5522505712890625,1.0,2021-12-17,True,6.675
556,AAL211217C00020000,20.0,4.65,4.8,112.0,4279.0,0.5251512329101562,1.0,2021-12-17,True,4.725
557,AAL211217C00022000,22.0,3.6,3.7,104.0,3301.0,0.5090381127929688,1.0,2021-12-17,True,3.6500000000000004
558,AAL211217C00025000,25.0,2.41,2.5,116.0,6170.0,0.50586431640625,0.0,2021-12-17,True,2.455
559,AAL211217C00027000,27.0,1.85,1.92,26.0,1102.0,0.5036670727539063,0.0,2021-12-17,True,1.885
560,AAL211217C00030000,30.0,1.24,1.3,83.0,6391.0,0.5046436254882812,0.0,2021-12-17,True,1.27
561,AAL211217C00032000,32.0,0.95,1.03,2.0,808.0,0.5034229345703125,0.0,2021-12-17,True,0.99
562,AAL211217C00035000,35.0,0.64,0.68,81.0,8910.0,0.5029346582031251,0.0,2021-12-17,True,0.66
563,AAL211217C00037000,37.0,0.49,0.53,4.0,583.0,0.5043994873046875,0.0,2021-12-17,True,0.51
564,AAL211217C00040000,40.0,0.36,0.38,79.0,6952.0,0.5141650146484374,0.0,2021-12-17,True,0.37
565,AAL211217P00003000,3.0,0.01,0.15,1.0,70.0,1.359378203125,0.0,2021-12-17,False,0.08
566,AAL211217P00005000,5.0,0.08,0.43,1084.0,2562.0,1.2675817871093749,0.0,2021-12-17,False,0.255
567,AAL211217P00008000,8.0,0.15,0.24,38.0,13953.0,0.8378922460937499,0.0,2021-12-17,False,0.195
568,AAL211217P00010000,10.0,0.24,0.3,14.0,8232.0,0.725588681640625,0.0,2021-12-17,False,0.27
569,AAL211217P00012000,12.0,0.36,0.4,11.0,4097.0,0.637698935546875,0.0,2021-12-17,False,0.38
570,AAL211217P00015000,15.0,0.74,0.78,2630.0,11285.0,0.5659223095703125,0.0,2021-12-17,False,0.76
571,AAL211217P00017000,17.0,1.15,1.21,1.0,4913.0,0.532231240234375,0.0,2021-12-17,False,1.18
572,AAL211217P00020000,20.0,2.16,2.42,24.0,5180.0,0.5195360546875,0.0,2021-12-17,False,2.29
573,AAL211217P00022000,22.0,3.1,3.25,45.0,5728.0,0.5092822509765625,0.0,2021-12-17,False,3.175
574,AAL211217P00025000,25.0,4.85,5.05,235.0,732.0,0.49878430908203125,1.0,2021-12-17,False,4.949999999999999
575,AAL211217P00027000,27.0,6.2,6.5,9.0,908.0,0.5009815527343751,1.0,2021-12-17,False,6.35
576,AAL211217P00030000,30.0,8.7,8.85,4.0,282.0,0.4963429272460938,1.0,2021-12-17,False,8.774999999999999
577,AAL211217P00032000,32.0,10.4,10.6,68.0,112.0,0.5056201782226561,1.0,2021-12-17,False,10.5
578,AAL211217P00035000,35.0,13.05,13.35,24.0,80.0,0.523442265625,1.0,2021-12-17,False,13.2
579,AAL211217P00037000,37.0,14.95,15.1,28.0,23.0,0.5024463818359376,1.0,2021-12-17,False,15.024999999999999
580,AAL211217P00040000,40.0,18.15,18.35,3.0,31.0,0.5937540625000001,1.0,2021-12-17,False,18.25
581,AAL220121C00001000,1.0,20.05,22.7,1.0,404.0,0.0,1.0,2022-01-21,True,21.375
582,AAL220121C00002000,2.0,19.85,21.05,100.0,172.0,1.4140654296875002,1.0,2022-01-21,True,20.450000000000003
583,AAL220121C00003000,3.0,18.0,20.25,2.0,997.0,2.269535576171875,1.0,2022-01-21,True,19.125
584,AAL220121C00004000,4.0,17.5,18.2,1.0,213.0,1.0000000000000003e-05,1.0,2022-01-21,True,17.85
585,AAL220121C00005000,5.0,17.45,18.25,13.0,1104.0,1.3535188574218748,1.0,2022-01-21,True,17.85
586,AAL220121C00008000,8.0,14.35,14.85,1.0,1644.0,0.7812521875,1.0,2022-01-21,True,14.6
587,AAL220121C00010000,10.0,11.0,13.25,11.0,7156.0,0.9335944140625,1.0,2022-01-21,True,12.125
588,AAL220121C00013000,13.0,9.9,10.2,26.0,12858.0,0.62305064453125,1.0,2022-01-21,True,10.05
589,AAL220121C00015000,15.0,8.3,8.45,130.0,26939.0,0.57812921875,1.0,2022-01-21,True,8.375
590,AAL220121C00018000,18.0,6.05,6.2,612.0,14491.0,0.5288133056640626,1.0,2022-01-21,True,6.125
591,AAL220121C00020000,20.0,4.8,4.95,303.0,23090.0,0.5097705273437501,1.0,2022-01-21,True,4.875
592,AAL220121C00023000,23.0,3.3,3.45,164.0,10907.0,0.5019581054687501,0.0,2022-01-21,True,3.375
593,AAL220121C00025000,25.0,2.61,2.65,394.0,22980.0,0.4897511962890626,0.0,2022-01-21,True,2.63
594,AAL220121C00027000,27.0,2.0,2.12,172.0,9785.0,0.495122236328125,0.0,2022-01-21,True,2.06
595,AAL220121C00030000,30.0,1.36,1.43,754.0,34565.0,0.48828636718750007,0.0,2022-01-21,True,1.395
596,AAL220121C00032000,32.0,1.08,1.12,228.0,6313.0,0.4892629199218751,0.0,2022-01-21,True,1.1
597,AAL220121C00035000,35.0,0.74,0.8,34.0,6684.0,0.4953663745117188,0.0,2022-01-21,True,0.77
598,AAL220121C00037000,37.0,0.59,0.65,22.0,22251.0,0.5009815527343751,0.0,2022-01-21,True,0.62
599,AAL220121C00040000,40.0,0.42,0.53,30.0,17613.0,0.506840869140625,0.0,2022-01-21,True,0.475
600,AAL220121C00045000,45.0,0.23,0.4,6.0,17062.0,0.52539537109375,0.0,2022-01-21,True,0.315
601,AAL220121C00050000,50.0,0.19,0.26,7.0,10481.0,0.5449264257812501,0.0,2022-01-21,True,0.225
602,AAL220121C00055000,55.0,0.14,0.16,158.0,28725.0,0.55273884765625,0.0,2022-01-21,True,0.15000000000000002
603,AAL220121P00001000,1.0,0.01,0.03,2.0,9084.0,1.625001875,0.0,2022-01-21,False,0.02
604,AAL220121P00002000,2.0,0.03,0.07,1.0,3074.0,1.4140654296875002,0.0,2022-01-21,False,0.05
605,AAL220121P00003000,3.0,0.05,0.1,100.0,111856.0,1.2460975195312498,0.0,2022-01-21,False,0.07500000000000001
606,AAL220121P00004000,4.0,0.02,0.38,1001.0,13820.0,1.2812535937499998,0.0,2022-01-21,False,0.2
607,AAL220121P00005000,5.0,0.1,0.2,756.0,73549.0,1.05078599609375,0.0,2022-01-21,False,0.15000000000000002
608,AAL220121P00008000,8.0,0.19,0.33,1.0,134887.0,0.8291032714843749,0.0,2022-01-21,False,0.26
609,AAL220121P00010000,10.0,0.3,0.41,12.0,75886.0,0.72070591796875,0.0,2022-01-21,False,0.355
610,AAL220121P00013000,13.0,0.53,0.68,134.0,36346.0,0.6088906298828126,0.0,2022-01-21,False,0.605
611,AAL220121P00015000,15.0,0.85,0.93,110.0,46034.0,0.5581098876953126,0.0,2022-01-21,False,0.89
612,AAL220121P00018000,18.0,1.6,1.66,82.0,40408.0,0.5124560473632812,0.0,2022-01-21,False,1.63
613,AAL220121P00020000,20.0,2.35,2.4,79.0,46917.0,0.49878430908203125,0.0,2022-01-21,False,2.375
614,AAL220121P00023000,23.0,3.8,3.95,3.0,11960.0,0.4885305053710938,1.0,2022-01-21,False,3.875
615,AAL220121P00025000,25.0,5.1,5.25,24.0,5503.0,0.4897511962890626,1.0,2022-01-21,False,5.175
616,AAL220121P00027000,27.0,6.45,6.6,10.0,3074.0,0.47876497802734375,1.0,2022-01-21,False,6.525
617,AAL220121P00030000,30.0,8.8,8.95,11.0,2399.0,0.47632359619140624,1.0,2022-01-21,False,8.875
618,AAL220121P00032000,32.0,10.4,10.75,6.0,1092.0,0.4946339599609375,1.0,2022-01-21,False,10.575
619,AAL220121P00035000,35.0,12.85,13.6,5.0,2077.0,0.534184345703125,1.0,2022-01-21,False,13.225
620,AAL220121P00037000,37.0,14.8,15.25,4.0,236.0,0.5014698291015626,1.0,2022-01-21,False,15.025
621,AAL220121P00040000,40.0,17.7,18.5,6.0,499.0,0.5141650146484374,1.0,2022-01-21,False,18.1
622,AAL220121P00045000,45.0,23.05,23.45,2.0,591.0,0.6225623681640625,1.0,2022-01-21,False,23.25
623,AAL220121P00050000,50.0,27.15,28.45,1.0,475.0,0.5351608984375,1.0,2022-01-21,False,27.799999999999997
624,AAL220121P00055000,55.0,32.3,33.75,7.0,218.0,0.6718782812500002,1.0,2022-01-21,False,33.025
625,AAL220617C00020000,20.0,5.0,5.75,133.0,134.0,0.5100146655273439,1.0,2022-06-17,True,5.375
626,AAL220617C00022000,22.0,4.35,4.75,4.0,1643.0,0.49707534179687507,1.0,2022-06-17,True,4.55
627,AAL230120C00003000,3.0,17.05,22.0,1.0,811.0,0.8710950390625,1.0,2023-01-20,True,19.525
628,AAL230120C00005000,5.0,15.5,20.45,1.0,328.0,0.9267585449218749,1.0,2023-01-20,True,17.975
629,AAL230120C00008000,8.0,14.5,17.5,5.0,1018.0,0.9335944140625,1.0,2023-01-20,True,16.0
630,AAL230120C00010000,10.0,12.9,13.65,6.0,2775.0,0.6020547607421877,1.0,2023-01-20,True,13.275
631,AAL230120C00012000,12.0,10.4,11.9,3.0,3649.0,0.6059609716796877,1.0,2023-01-20,True,11.15
632,AAL230120C00015000,15.0,9.3,9.6,47.0,5523.0,0.5205126074218749,1.0,2023-01-20,True,9.45
633,AAL230120C00017000,17.0,7.8,8.25,9.0,4408.0,0.5124560473632812,1.0,2023-01-20,True,8.025
634,AAL230120C00020000,20.0,6.4,6.65,85.0,9011.0,0.4975636181640626,1.0,2023-01-20,True,6.525
635,AAL230120C00022000,22.0,5.6,5.8,37.0,6874.0,0.495122236328125,1.0,2023-01-20,True,5.699999999999999
636,AAL230120C00025000,25.0,4.45,4.65,89.0,9687.0,0.48560084716796875,0.0,2023-01-20,True,4.550000000000001
637,AAL230120C00027000,27.0,3.75,4.05,49.0,2027.0,0.48413601806640627,0.0,2023-01-20,True,3.9
638,AAL230120C00030000,30.0,3.15,3.25,1027.0,7038.0,0.4779104943847656,0.0,2023-01-20,True,3.2
639,AAL230120C00032000,32.0,2.31,3.0,1.0,975.0,0.49170430175781255,0.0,2023-01-20,True,2.6550000000000002
640,AAL230120C00035000,35.0,2.15,2.3,8.0,3637.0,0.47437049072265625,0.0,2023-01-20,True,2.2249999999999996
641,AAL230120C00037000,37.0,1.9,2.69,5.0,1200.0,0.501103621826172,0.0,2023-01-20,True,2.295
642,AAL230120C00040000,40.0,1.55,1.65,57.0,4682.0,0.4727835925292969,0.0,2023-01-20,True,1.6
643,AAL230120P00003000,3.0,0.15,0.31,6.0,47086.0,0.99023447265625,0.0,2023-01-20,False,0.22999999999999998
644,AAL230120P00005000,5.0,0.31,0.42,2.0,17159.0,0.8193377441406249,0.0,2023-01-20,False,0.365
645,AAL230120P00008000,8.0,0.1,0.66,2.0,3781.0,0.5810588769531251,0.0,2023-01-20,False,0.38
646,AAL230120P00010000,10.0,0.78,0.85,10.0,67986.0,0.5883830224609375,0.0,2023-01-20,False,0.815
647,AAL230120P00012000,12.0,1.1,1.2,13.0,13885.0,0.5434615966796876,0.0,2023-01-20,False,1.15
648,AAL230120P00015000,15.0,1.8,1.9,268.0,15182.0,0.5009815527343751,0.0,2023-01-20,False,1.85
649,AAL230120P00017000,17.0,2.53,2.98,63.0,17392.0,0.5019581054687501,0.0,2023-01-20,False,2.755
650,AAL230120P00020000,20.0,3.75,4.1,17.0,11878.0,0.48328153442382815,0.0,2023-01-20,False,3.925
651,AAL230120P00022000,22.0,4.85,5.5,23.0,6204.0,0.5046436254882812,0.0,2023-01-20,False,5.175
652,AAL230120P00025000,25.0,6.7,7.75,1.0,4196.0,0.5296677893066408,1.0,2023-01-20,False,7.225
653,AAL230120P00027000,27.0,8.1,9.55,1.0,45.0,0.5622602368164062,1.0,2023-01-20,False,8.825
654,AAL230120P00030000,30.0,10.3,12.55,1.0,467.0,0.5283250292968751,1.0,2023-01-20,False,11.425
655,AAL230120P00032000,32.0,11.7,14.15,3.0,59.0,0.5208788146972656,1.0,2023-01-20,False,12.925
656,AAL230120P00035000,35.0,14.75,16.8,15.0,833.0,0.554814022216797,1.0,2023-01-20,False,15.775
657,AAL230120P00037000,37.0,17.35,18.7,1.0,788.0,0.6051064880371095,1.0,2023-01-20,False,18.025
658,AAL230120P00040000,40.0,16.75,19.25,50.0,818.0,0.4733939379882813,1.0,2023-01-20,False,18.0
